ze_1way_tunnel,单向隧道
ze_8bit,8bit世界
ze_aaa_diman_world,史莱克世界
ze_abandoned_industry_p,废弃工厂
ze_act_character_relic,序章：遗迹
ze_alien_mountain_escape_p,阿里山
ze_angels_of_death,杀戮天使
ze_antartika_p,南极基地
ze_anzalone_remake,安扎隆断后长廊
ze_aoraitsu_reloaded,流光幻境
ze_aot_trost_v6r,进击的巨人
ze_aperturescience_p,光圈科技
ze_aragami_p,荒神
ze_arcana_heart,阿卡纳之心
ze_arctic_escape_p,北极逃亡
ze_ardenweald,魔兽世界：炽蓝仙野
ze_artika_base_p,阿提卡基地
ze_atix_apocalypse_p,牢大逃亡:归来
ze_atix_panic_2017_p,牢大逃亡2017
ze_atix_panic_p,牢大逃亡
ze_atl_lgnition_a1,湮灭影像：起源
ze_awaker,觉醒者
ze_aware,无限回廊先知圣地
ze_azathoth_p,阿撒托斯
ze_aztecnoob_p,阿兹特克遗迹
ze_backrooms_deathbed_v1,后室：死眠
ze_basic_geometric,基本几何
ze_bathroom,浴室逃亡
ze_be_very_careful,[陷阱]贴门大作战
ze_beyond_the_boundary,境界彼方
ze_biohazard_manor_004_p,生化危机：洋馆
ze_biohazard2_rpd_004_p,生化危机：警察局
ze_blackmesa_escape_p,黑山基地：重装上阵
ze_bluearchive_abydos_b1,碧蓝档案：大蛇总力战
ze_boacceho_p,boacceho逃亡
ze_boatescape_ultimate,终极坐船跑：明星大乱斗
ze_boatescape101_p,坐船跑101
ze_boatescape888,开心快乐坐船跑888
ze_boatescape999,开心快乐坐船跑999
ze_box_cloaca_b1,盒子：地下室
ze_box_defend_v1_4,代号：盒子防守v1.4
ze_bp-infested-prison_p,监狱逃亡
ze_breakable_p,随处可破坏的箱子
ze_celestial_ops,天堂
ze_chicken_lords_tower_p,大只因城堡
ze_christmas_p,圣诞小镇
ze_chronicle_a,四叶草遗址
ze_chronus_p,克罗诺斯山谷
ze_clawfactory,蟹老板工厂
ze_clockwork,时钟工坊
ze_color_levels,决战颜色
ze_colorlicouspilar_p,彩虹塔
ze_colors_p,搞颜色
ze_compound_escape,逃离化学工厂
ze_conflict,公交车
ze_dabadeedabadie,蓝色 Da Ba Dee
ze_dangerous_waters_p,危险水域
ze_darkest_hour,至暗时刻
ze_deadcore,死亡核心
ze_death_star_escape_p,死星逃亡
ze_deepice_p,深井冰
ze_defense3002_p,代号：防守 V300_2
ze_descent_into_cerberon_p,破碎行动
ze_diamond_cube_v1_cs2,钻石立方体
ze_diverted_destiny,反抗命运的序曲
ze_doors,陷阱之门
ze_dormitory_uestc,大学宿舍
ze_dragonball_snakeway_p,龙珠：蛇道
ze_dystopia_p,敌托邦
ze_eizures_b1_1,核子危机
ze_elevator_escape_p,电梯逃亡
ze_emerald,绿宝石宫殿
ze_escape_the_eye_p,逃离天眼
ze_eternal_journey,飞升者：永恒旅途
ze_evil_mansion_cs2_l,邪恶公馆
ze_evil_mansion_p,邪恶公馆
ze_exchange_innovation_p,逃离生化大楼
ze_fabulous 
ze_fapescape_p,旧乐高大逃亡
ze_fapescape_rote_p,新乐高逃亡：噩梦陷阱
ze_farmhouse_p,坦克农场
ze_fast_escape_p,fast逃亡
ze_ffvii_fako_reactor,最终幻想VII：魔晄桶传奇
ze_ffvii_mako_reactor_v5_3,最终幻想7：魔光炉V53
ze_ffvii_mako_reactor_v6_p,最终幻想7：魔光炉V6
ze_ffvii_snow_cosmo,最终幻想7：雪地峡谷
ze_ffxii_feywood_t,最终幻想12：幻妖之森
ze_ffxii_westersand_v7_t,最终幻想12：西沙v7
ze_ffxiv_reisen_temple,最终幻想14：醴泉神社
ze_ffxiv_the_orbonne_monastery,最终幻想14：乐欲之所瓯博讷修道院
ze_firewall_laboratory_part1_p,紧张刺激防火墙1
ze_firewall_laboratory_part2_p,防火墙2
ze_fond_dream,南柯一梦
ze_forhidden_slicoo_cs2,禁地斯狄科
ze_forius_just_run_p,不要害怕只管跑
ze_forsaken_temple,遗忘神殿
ze_frostdrake_tower_p,寒霜高塔
ze_frozentemple_cs2,冰封神庙
ze_frozentemple_p,冰封神庙
ze_gary_mood_t1,灰色心境
ze_gear_palace,齿轮宫殿
ze_geometric,几何奥秘
ze_gods_wrath_p,神怒
ze_goobers_basement,goobers的地下室
ze_greece_escape_p,希腊逃亡
ze_greencity_p,绿之城
ze_gta_3_callahan_bridge_m,GTA3：卡拉汉大桥
ze_gtasa_police_station_2_m,GTA警察局2
ze_gtasa_police_station_remix_m,GTA警察局
ze_hammer_bunker_part1,锤子地堡
ze_haunted_lab_escape_p,闹鬼实验室
ze_hazard_escape_p,炸桥传奇2
ze_hidden_fortress_p,隐秘要塞
ze_hlc_citadel_v1,hlc城堡
ze_honkai_impact_changkongshi,崩坏3:长空市
ze_hydroponic_garden,水培花园
ze_hypernova_p,超新星
ze_iamlegend_p,我是炸桥传奇
ze_icecap_escape_p,西瓜橘子坐船跑
ze_illusory_world,虚空幻界
ze_immortal_flame,永恒烈焰
ze_inboxed_p,inbox追击
ze_industrial_dejavu,工业循环
ze_infiltration_final_p,潜入行动
ze_interception_p,拦截行动
ze_jiangnan_town_v3_1,江南水乡
ze_journey_p,黑暗之魂：旅途
ze_jurassic_life 
ze_jurassicpark_p,侏罗纪公园
ze_k19_escape_p,k19逃亡
ze_kaffe_escape_p,咖啡逃亡
ze_kage_cs2_a1,赤影战士
ze_kenshin_v1,恸哭之星
ze_kraznov_poopata_p,浮空岛小游戏逃亡
ze_l0v0l_p,颜文字1 - l0v0l
ze_legends_of_dawn,黎明传说
ze_lemonade,冰鲜柠檬水
ze_licciana_escape_p,里西西亚
ze_lightnight_v1,光与暗
ze_loom,恐惧隐现
ze_lotr_helms_deep_p,魔戒：圣盔谷之战
ze_lotr_isengard,魔戒：艾辛格
ze_lotr_mines_of_moria_p,魔戒：摩瑞亚矿坑
ze_lotr_mirkwood_p,魔戒：幽暗密林
ze_lotr_mount_doom_p,魔戒：末日火山
ze_luciddreams_cs2,清醒梦
ze_luigismansion_p,路易基鬼屋
ze_mabinogi_f4_1_cs2,洛奇
ze_magala_castle_p,玛格拉城堡
ze_magic_carpet_p,魔毯世界
ze_mario_tower_p,马里奥之塔
ze_mars_escape_p,火星逃亡
ze_mars_escape_xmas_p,火星逃亡圣诞版
ze_minecraft_p,我的世界
ze_minecraft_sakura,我的世界：撒库拉岛
ze_minecratix,我的世界：高端防守战
ze_mirrors_edge_reborn_p,镜之边缘：跑酷重生
ze_mkzk_scarab_v4,重生之我在ZE倒斗-究极无敌折磨之圣甲虫法老王金字塔V4
ze_morell_april_vacation_p,莫雷尔的陷阱图
ze_namviet_p,越南踩雷王
ze_neron,盈能之境
ze_new_italy_cs2,新意大利
ze_newyork_escape_p,纽约大逃亡
ze_no_title_cs2_l,萌新综合练习图
ze_noir_p,黑色街道
ze_npst_v8_gmod,代号：黑山计划
ze_nuke_p,核子基地
ze_obf_filth_v1,代号：怒火中烧
ze_obf_rescape,代号：浴火重生
ze_obj_encounter_a2,代号：针锋相对
ze_obj_encounter_b1,代号：针锋相对b1
ze_obj_escalation_a1,代号：飞升计划
ze_obj_escalation_v1,代号：飞升计划
ze_obj_rampage_v1_2,代号：横空出世
ze_ocean_base_escape_p,海底基地
ze_ocean_heart_cs2,海洋之心
ze_offliner,單丶機者
ze_omega_p,欧米茄
ze_omen_cs2,启示：命运预兆
ze_omochi_cs2,元素的秘神
ze_onahole_p,mako杯(R16直播用户注意)
ze_oneiros_p,奥内罗斯
ze_only_up,Only Up!
ze_otakuroom_pt,御宅房
ze_outpost_escape_p,前哨基地逃亡
ze_overlord,不死者之王
ze_p_v_z,植物大战僵尸
ze_palace_adventure,宫殿冒险
ze_panic_escape_p,跳刀仓库
ze_paranoia_cs2,浮生若梦
ze_parkers_pit_p,帕克矿坑
ze_platformer_p,[娱乐]捡币b6
ze_pokemon_kanto_v1,宝可梦道馆
ze_pools_p,后室level130：荒谬泳池
ze_popkart_b3,卡卡跑车丁
ze_por_island_p,刷分岛
ze_postal_p,夺命邮差
ze_potc_p,小加勒比
ze_predator_ultimate_p,铁血战士
ze_purification_a1,净化
ze_puta_p,PUTA工厂
ze_r00ms,房问
ze_raccoon_facility_p,生化危机：蜂巢
ze_random_p,随机大爆炸
ze_ratatouille,美食总动员
ze_requiem_test,镇魂曲
ze_rizomata_p,精灵塔:苍穹之诗
ze_rooftop_runaway1_p,屋顶逃亡1
ze_rooftop_runaway2_p,屋顶逃亡2
ze_rush_a,RUSH A！RUSH A！
ze_s_a_m,刀剑神域
ze_sagreen_cs2,沙绿逃亡
ze_sandstorm_cs2,沙尘暴
ze_saw_p,锯与魔法
ze_secret_garden,goobers的秘密花園
ze_sens,Sen~S
ze_shenzhimudi_initial_y,神之墓地
ze_showdown_p,巅峰对决
ze_shroomforest_p,蘑菇森林1
ze_shroomforest2_p,蘑菇森林2
ze_siberia_1990_p,西伯利亚1990
ze_silent_hill_2_illusion,寂静岭2:幻境
ze_silent_hill_3_dawn,寂静岭3:黎明
ze_silent_hill_3_flee,寂静岭3:逃离
ze_silent_hill_blackblood,寂静岭：黑血
ze_silenthill_pt,寂静岭：pt
ze_simple_teamplay_p,非常简单的团队游戏
ze_sisyphus,西西弗斯的历练
ze_sky_bridge_a01_fix3,天空之桥
ze_sky_defend,天际防守
ze_sky_fantasy,天空幻想
ze_skygarden,天穹树
ze_skyheart,天空之心
ze_skzroom,咸鱼跳跃房
ze_slender_escape_p,面条人：瘦长鬼影
ze_sorrento_arknights_cs2_l,索伦托：明日方舟
ze_sorrento_escape_p,索伦托逃亡
ze_stab_town_p,小镇突袭
ze_stalkermonolith,潜行者：黑石
ze_stark_escape,史塔克逃亡
ze_starwars_v2fix,星球大战v2fix
ze_steyliff_grove,最终幻想15：斯基利弗樹林迷宫
ze_strange_escape_p,绝境逃亡
ze_sumai_facility_lite,sumai工厂
ze_summer_house,绚夏别墅
ze_tesv_skyrim_p,上古卷轴：天际
ze_texturescape_cs2_l,坑爹逃亡
ze_thousand_steps_p,千层阶梯
ze_tilex_escape_p,列车逃亡
ze_tilex_ultimate_p,跳刀列车
ze_titanic_sweet_dreams,梦中的泰坦尼克号
ze_tkara_p,塔卡拉基地
ze_totemo_roka_p,神秘海域
ze_townscapes,小镇逃亡
ze_toy_world_final,玩具世界
ze_traak_p,逃命游轮
ze_trainescape_p,火车逃亡
ze_uchiha_legacy,宇智波：遗响
ze_ultra_ungent_a2_cs2,超级跳绳王
ze_umbrellazombie_v1_p3_final,保护伞公司3
ze_umbrellazombie_v1_part2_1,保护伞公司2
ze_umbrellazombiezmtr_v1,保护伞公司1
ze_undertale_sans_final,传说之下：san战
ze_upwards_p,步步高升
ze_urban_laby_of_death_p,城市迷宫
ze_urbanstone,石头城市
ze_venice_escape_p,威尼斯老家
ze_vietnam_p,越南雨林
ze_virtual_insanity_v1,错乱疯狂
ze_visualizer,监视者
ze_voodoo_islands_p,巫毒岛
ze_voodoo_xtrem_islands,巫毒岛终极版
ze_waterpark,长隆水上乐园
ze_wicked_organization,wicked组织
ze_winter_warehouse_p,冰雪牢缘
ze_xenovation,异界终章
ze_yueyingchuanshuo,月影传说
ze_zandalar_forever,赞达拉万古长存
ze_zertinan,最终幻想12：泽尔提南
ze_zk_fapescape_p,小乐高逃亡
ze_zk_mall_of_zombies_p,购物中心
ze_zombierig_p,钻井平台